{
  "sensor": "InvenSense_IMU",
  "time": [
    0,
    1,
    2,
    3,
    4,
    5,
    6,
    7,
    8,
    9,
    10,
    11,
    12,
    13,
    14,
    15,
    16,
    17,
    18,
    19,
    20,
    21,
    22,
    23,
    24,
    25,
    26,
    27,
    28,
    29,
    30,
    31,
    32,
    33,
    34,
    35,
    36,
    37,
    38,
    39,
    40,
    41,
    42,
    43,
    44,
    45,
    46,
    47,
    48,
    49,
    50,
    51,
    52,
    53,
    54,
    55,
    56,
    57,
    58,
    59,
    60,
    61,
    62,
    63,
    64,
    65,
    66,
    67,
    68,
    69,
    70,
    71,
    72,
    73,
    74,
    75,
    76,
    77,
    78,
    79,
    80,
    81,
    82,
    83,
    84,
    85,
    86,
    87,
    88,
    89,
    90,
    91,
    92,
    93,
    94,
    95,
    96,
    97,
    98,
    99
  ],
  "accel": [
    [
      0.8764055285219676,
      -0.5134725363171073,
      0.03392228231895433
    ],
    [
      -0.3814525583380391,
      -0.30259376242169733,
      -0.1764062744163
    ],
    [
      -0.3643871265133057,
      0.13762515393394623,
      0.11269026195278356
    ],
    [
      -0.507305264742013,
      0.5064077114099756,
      0.6349697429191028
    ],
    [
      -0.06596798337764627,
      0.41499990014915517,
      -0.26291953077842384
    ],
    [
      -0.1485090014968033,
      0.8177601787984188,
      0.9345632418247317
    ],
    [
      -0.26916607568046785,
      -0.02989381365234626,
      0.41087270290688394
    ],
    [
      -0.2521505380805281,
      -0.7804204898175,
      -0.4992073142878096
    ],
    [
      0.24610223201254458,
      -0.08645503564872592,
      -0.4817308297276751
    ],
    [
      0.7973074382889266,
      -0.12062928058176976,
      0.35117068042854993
    ],
    [
      -0.11391879488430819,
      -0.45085882833395763,
      1.1636579153179458
    ],
    [
      -0.047072458827214676,
      0.4699442830542805,
      0.17748796058637784
    ],
    [
      -0.0026135501189617555,
      0.7780853088496701,
      -0.1567673358298993
    ],
    [
      -0.0017643076816950003,
      0.09596070417740668,
      0.16814443506444926
    ],
    [
      0.41545539167297774,
      0.06374166646700674,
      0.7384068454917503
    ],
    [
      0.09356187231537898,
      -0.22527073437375572,
      0.0977746221530891
    ],
    [
      0.4248174957766521,
      -0.3229001622608241,
      0.3736778177740657
    ],
    [
      -0.4205319355027491,
      0.17336157712241165,
      0.6907139805794118
    ],
    [
      -0.6824676718789451,
      -0.5442624277544751,
      0.3017400063989326
    ],
    [
      -0.47599559958049587,
      -0.6369517506283795,
      -0.44827445624036927
    ],
    [
      0.4441205809479808,
      -0.7080279044700617,
      -0.02149882680019188
    ],
    [
      0.6873647700826534,
      0.7229137853322003,
      1.5275833601780158
    ],
    [
      0.015307763716783865,
      0.34421007378012186,
      -0.39079507869077024
    ],
    [
      -0.3789080296222715,
      -0.7304924279777555,
      0.006823594723372122
    ],
    [
      0.21718706369832,
      -0.5219705081575071,
      -0.07762706854037446
    ],
    [
      0.2581887505025832,
      0.0944877711036827,
      -1.0253658348599204
    ],
    [
      -0.8116217239622386,
      -0.02690265019077582,
      0.7978128887290337
    ],
    [
      -1.6135070524166633,
      -0.05562626327997952,
      0.11320321262299712
    ],
    [
      0.8044343822473745,
      0.6055593507547987,
      0.07740085347907681
    ],
    [
      -1.08534870484771,
      -0.4440750647528236,
      -0.582567617612149
    ],
    [
      -0.059621543146674685,
      -0.20204745708671445,
      0.051887216024906355
    ],
    [
      -1.6488164703798893,
      0.6244635167772745,
      -0.12024809355451908
    ],
    [
      1.076487835593917,
      -0.7567284247071874,
      0.35422297243354217
    ],
    [
      -0.7251635624591055,
      -0.10662211263885363,
      0.34446495584546394
    ],
    [
      0.3640778321451578,
      0.7853631101697438,
      -0.4867193061531271
    ],
    [
      -0.1102463453898326,
      -0.6412168806806292,
      0.42239166800489597
    ],
    [
      0.6524619261737944,
      0.19334803056360894,
      -0.6854609294464276
    ],
    [
      0.15505262760481892,
      -0.5206770665207937,
      0.2832542772510416
    ],
    [
      0.5383158767393444,
      0.3969671837583988,
      0.14729496320732036
    ],
    [
      -0.008147466840458114,
      0.33285440572849845,
      0.0201966158667277
    ],
    [
      -0.6399295176038046,
      -0.03103071601957485,
      -0.12625382042252947
    ],
    [
      0.12224869037305908,
      0.18685089147511183,
      0.4963365556693601
    ],
    [
      -0.20161616943897356,
      0.20466515226183782,
      0.10286416504236824
    ],
    [
      -0.4469685223540183,
      0.038473062316807055,
      0.1872747807438296
    ],
    [
      -0.0413887541618499,
      0.20935202009705264,
      -0.5794713439841939
    ],
    [
      0.37243040933525134,
      -0.5886036449980383,
      -0.5693840220152451
    ],
    [
      -0.3832366310061902,
      0.18743900897857124,
      -0.15876507335719436
    ],
    [
      0.4538104196581941,
      -0.518263643504088,
      -0.738001708187728
    ],
    [
      0.008857705134886427,
      -0.4208984155969066,
      -0.035287004209413594
    ],
    [
      0.3191735932672488,
      0.6262386156235461,
      0.2334085629475816
    ],
    [
      -0.03996635613353613,
      0.2338832485001651,
      0.044700178596436234
    ],
    [
      -0.19460749748529674,
      0.9228439971925569,
      -1.3475373629762915
    ],
    [
      -0.424653378744454,
      -0.5902323736267631,
      -0.34724166163245224
    ],
    [
      -0.3336196880452541,
      -0.45248025340137316,
      0.3202261213601974
    ],
    [
      1.0391053514864492,
      -0.325301235222781,
      0.26023159844754795
    ],
    [
      0.04577083499661928,
      -0.7717157990480845,
      1.1865693549237213
    ],
    [
      0.12588893101339577,
      -0.5580540839838388,
      0.22752239332675284
    ],
    [
      0.18163230597909474,
      -0.1234005292590613,
      0.3131641120374668
    ],
    [
      0.539343572515991,
      -0.779781033484585,
      -0.16655237412768514
    ],
    [
      -0.021413036739468927,
      -0.12840315335198826,
      -0.8413042560729734
    ],
    [
      0.9557615015324665,
      -0.25416748287631097,
      -1.050427107889817
    ],
    [
      0.002178466860449592,
      -0.03113878617148908,
      1.5283207935381509
    ],
    [
      -0.17995701844648607,
      -0.05696202958483645,
      0.5125996435149428
    ],
    [
      0.05567255286914604,
      0.15564471378347106,
      0.3474892300843816
    ],
    [
      0.5925296798668843,
      -0.9381208366376638,
      -0.020332834049888022
    ],
    [
      -0.0307545196037173,
      -0.7881674970004008,
      -0.4186280828524811
    ],
    [
      -0.5303815880729923,
      -0.12175252686754232,
      -0.24910599509855488
    ],
    [
      0.37426724682799967,
      0.3267766788396369,
      -0.19283327110720566
    ],
    [
      -0.04201189582387988,
      -0.3175039742831878,
      0.5173009387698722
    ],
    [
      -0.6214981610624501,
      0.6433150298164751,
      -0.12877961201860605
    ],
    [
      0.28445729509109835,
      0.9860474462843597,
      -0.6960377741664678
    ],
    [
      -0.009081171444208502,
      0.7522377536422566,
      0.9582590608647742
    ],
    [
      -0.5534955358969303,
      -0.13341409945939817,
      0.4379961794481994
    ],
    [
      0.2789886140438382,
      -0.9472971406157231,
      0.4218661185364363
    ],
    [
      -0.5953334303986393,
      -0.41547966612382264,
      -0.24763802138358457
    ],
    [
      0.6758578945391241,
      -0.20872781415018574,
      -0.41727645141895975
    ],
    [
      0.2929725732585181,
      0.24798977899943725,
      -0.13632912162881577
